count,mean,std,min,50%,70%,90%,99%,max
943.0,18309.405630965004,53452.09731742672,0.15,2910.0,7000.0,40240.00000000002,300000.0,600000.0
